ID,URL,Type,Primary Intent,Secondary Intent,Issue,Baseline Score,Priority,Fix,Status,After Score,Evidence,Cannibalization Risk,Indexing Impact,AI Search Impact,Verification,Notes
SEO-001,/aichatbot/,Agent root,app thuê xe máy (informational),ứng dụng thuê xe máy điện,title 71 ký tự vượt khung hiển thị SERP,89.8,medium,rút gọn title còn 62 ký tự giữ nguyên intent đã sở hữu,DONE,99.7,reports/seo-score-before.json vs seo-score-after.json,none (owned keyword per config/seo-ownership.json),high,high,tests/unit/blog-foundation.test.js + tools/seo-score.mjs,title vẫn khớp regex test Ứng dụng thuê xe máy
SEO-002,/aichatbot/,Agent root,internal linking,thủ tục thuê xe máy,SEO copy chỉ link blog home không link bài pilot,89.8,medium,thêm link tới 2 bài pilot trong motoai-seo copy,DONE,99.7,tools/seo-score.mjs LINKS group,none,medium,medium,live check sau deploy,không keyword stuff
SEO-003,/aichatbot/blog/,Blog home,cẩm nang thuê xe máy,hỏi Agent,stylesheet href 'assets/css/...' 404 trên Pages (trang mất style),89.8,P0,sửa builder rel() thành '../assets/...' đúng chiều sâu,DONE,99.7,fetch trực tiếp /aichatbot/blog/assets/css/style.css = 404 trước khi sửa,none,high,low,verify live CSS sau deploy,bug thật do rel() của builder cũ
SEO-004,/aichatbot/blog/{app,thue-xe,xe-dien,huong-dan,an-toan,dia-phuong}/,Category hub,danh mục chủ đề,thuê xe điện/thủ tục/an toàn/hành trình,stylesheet '../assets/...' 404 (hub ở depth 2 cần '../../'),89.8,P0,sửa rel() theo depth đúng,DONE,99.7,fetch trực tiếp /aichatbot/blog/assets/css/style.css = 404,none,high,low,verify live CSS sau deploy,bug thật của build cũ
SEO-005,/aichatbot/blog/app/app-thue-xe-may-la-gi/,Article,app thuê xe máy là gì,ứng dụng web,title 77 ký tự; thiếu link bài liên quan; og:locale thiếu; stylesheet depth sai,89.8,high,rút title 62 ký tự; thêm section Bài viết liên quan; og:locale; rel() đúng,DONE,99.7,reports/seo-score-after.json (0 issue còn lại trên bài),none (intent informational của repo này),medium,high,tests/unit/blog-foundation.test.js + blog-app-ux.test.js,title mới đồng bộ trong published.json/schema/card/search-index
SEO-006,/aichatbot/blog/huong-dan/thu-tuc-thue-xe-may/,Article,thủ tục thuê xe máy,giấy tờ đặt cọc,thiếu Q&A section; thiếu list kiểm tra khi nhận xe; placeholder '| vnd' không resolve; thiếu related links,89.8,high,thêm Câu hỏi thường gặp + list kiểm tra; resolveFacts hỗ trợ filter '| vnd'; related links,DONE,99.7,reports/seo-score-after.json,none,medium,high,ported test contracts trong sandbox,mọi số liệu từ business.json placeholder không hard-code
SEO-007,/aichatbot/blog/dia-phuong/,Category hub,địa phương du lịch,hành trình Hà Nội,meta description 47 ký tự (dưới 50),89.8,medium,desc + intro mới đạt 50–165,DONE,99.7,tools/seo-score.mjs TECHNICAL,none,medium,low,tools/seo-score.mjs,desc giữ góc độ địa phương không nhắm keyword thương mại của repo khác
SEO-008,/aichatbot/privacy/ + /aichatbot/terms/,Legal,privacy policy,terms of service,thiếu og:locale vi_VN,89.8,low,"thêm og:locale vi_VN byte-exact vào privacy/index.html + terms/index.html (sau og:url, cùng format các trang khác)",DONE,100,"tools/seo-score.mjs 100/100, 0 issue còn lại; node --test 528 green",none,low,low,2026-09-27 03:00 run: fixed + verified (baseline HEAD 9450adc),đã fix trong run 03:00 2026-09-27 (edit byte-exact 2 thẻ meta)
SEO-009,/aichatbot/sitemap.xml,Sitemap,index coverage, crawl,cần thêm privacy/ + terms/ khi builder tái sinh sitemap,89.8,medium,thêm 2 URL vào builder sitemap output,DONE,99.7,so sánh sitemap cũ (12 URL) với output builder mới,none,high,low,tests/unit/blog-foundation.test.js,giữ nguyên tính không-dupes
SEO-010,/aichatbot/blog/ (all pages),Generated pages,og/social metadata,og:site_name,thiếu og:locale + og:site_name trên mọi trang blog,89.8,medium,thêm 2 thẻ vào head() của builder,DONE,99.7,reports/seo-score-after.json TECHNICAL 24.7/25,none,low,medium,tools/seo-score.mjs,truthful fields only
